id,first_name,last_name,email,gender,ip_address
1,Isaiah,Langhorn,ilanghorn0@mozilla.org,Genderfluid,147.127.83.34
2,Jonie,Dahle,jdahle1@nyu.edu,Female,245.109.100.238
3,Emmalee,Bellard,ebellard2@nifty.com,Female,44.119.73.133
4,Teodoro,Fawcitt,tfawcitt3@domainmarket.com,Genderfluid,242.164.85.150
5,Annabal,Padillo,apadillo4@ebay.com,Genderqueer,243.93.211.107
6,Carmelita,Adshead,cadshead5@wikispaces.com,Female,120.169.228.79
7,Cal,Cockson,ccockson6@barnesandnoble.com,Genderqueer,156.230.4.94
8,Enrichetta,Durrad,edurrad7@yolasite.com,Genderfluid,136.230.56.169
9,Flori,Tinman,ftinman8@digg.com,Bigender,249.73.69.101
10,Benson,Jouhan,bjouhan9@telegraph.co.uk,Genderfluid,7.195.194.67
11,Wallis,Krysztowczyk,wkrysztowczyka@ibm.com,Agender,132.130.240.219
12,Arley,Porte,aporteb@apple.com,Male,246.149.183.125
13,Farris,Bergstrand,fbergstrandc@usa.gov,Non-binary,133.141.30.49
14,Emanuele,Danihelka,edanihelkad@wsj.com,Polygender,186.157.13.109
15,Stormy,Martinson,smartinsone@independent.co.uk,Agender,14.95.143.221
16,Gregoire,Ivankovic,givankovicf@imgur.com,Polygender,93.44.217.48
17,Rod,Brunsden,rbrunsdeng@accuweather.com,Polygender,78.140.134.171
18,Krishnah,Eite,keiteh@nih.gov,Female,11.76.51.191
19,Zachariah,Puddifer,zpuddiferi@g.co,Agender,102.3.226.54
20,Annalise,Shimmings,ashimmingsj@google.com.br,Genderfluid,107.185.74.153
21,Laurens,Staneland,lstanelandk@posterous.com,Bigender,5.97.17.125
22,Christel,Avent,caventl@java.com,Female,57.219.255.221
23,Gloriane,Bavidge,gbavidgem@linkedin.com,Genderqueer,157.24.240.240
24,Simon,Paulsson,spaulssonn@squarespace.com,Agender,219.154.47.36
25,Tracey,Powderham,tpowderhamo@narod.ru,Female,2.92.177.180
26,Daune,Didball,ddidballp@usda.gov,Bigender,213.231.204.193
27,Lenore,Glading,lgladingq@opera.com,Female,129.190.167.197
28,Billye,Cheney,bcheneyr@disqus.com,Polygender,205.21.225.104
29,Ernestus,Cottem,ecottems@bandcamp.com,Genderfluid,50.213.196.150
30,Rudie,Hartil,rhartilt@uol.com.br,Bigender,169.98.145.104
31,Zacherie,Lovitt,zlovittu@devhub.com,Genderfluid,155.143.205.193
32,Terri-jo,Gallahar,tgallaharv@sina.com.cn,Polygender,218.77.185.105
33,Harwell,Hearl,hhearlw@1688.com,Bigender,237.65.222.248
34,Danny,Lumley,dlumleyx@discovery.com,Male,223.91.140.80
35,Bartholomeus,Luttgert,bluttgerty@dot.gov,Polygender,10.103.92.111
36,Helge,Leafe,hleafez@fotki.com,Agender,53.58.55.154
37,Drucie,Tetther,dtetther10@yahoo.co.jp,Agender,131.44.105.78
38,Kassia,Brason,kbrason11@plala.or.jp,Female,210.44.154.181
39,Alexandre,Filyushkin,afilyushkin12@pagesperso-orange.fr,Polygender,81.203.156.37
40,Rebekah,Jacobi,rjacobi13@mediafire.com,Genderqueer,243.43.140.54
41,Jeniece,Guerrazzi,jguerrazzi14@globo.com,Non-binary,191.25.227.113
42,Stavros,Brophy,sbrophy15@nasa.gov,Genderqueer,194.14.52.42
43,Amabel,Applegarth,aapplegarth16@123-reg.co.uk,Genderfluid,33.37.109.116
44,Nikola,Jopke,njopke17@xinhuanet.com,Agender,158.20.170.198
45,Katharine,Binstead,kbinstead18@clickbank.net,Genderqueer,169.53.238.186
46,Judy,Haysom,jhaysom19@newyorker.com,Agender,247.6.105.50
47,Leeann,Saurin,lsaurin1a@is.gd,Bigender,232.121.218.26
48,Yulma,Naerup,ynaerup1b@reverbnation.com,Female,124.161.119.71
49,Hayden,Stepney,hstepney1c@yellowpages.com,Non-binary,126.238.59.57
50,Lucas,Johansson,ljohansson1d@hexun.com,Genderfluid,87.183.212.204
51,Lari,Kindall,lkindall1e@vistaprint.com,Female,213.73.23.249
52,Jackson,Augustine,jaugustine1f@wikispaces.com,Female,78.238.15.162
53,Regina,Redfield,rredfield1g@geocities.jp,Male,212.252.103.95
54,Ludovika,Hanselman,lhanselman1h@bbc.co.uk,Genderqueer,96.32.126.149
55,Rina,Goodlife,rgoodlife1i@gov.uk,Polygender,67.99.47.220
56,Leanor,Le Marchand,llemarchand1j@twitter.com,Female,12.207.140.222
57,Killie,Insall,kinsall1k@cdc.gov,Male,121.29.49.83
58,Mellicent,Kinnard,mkinnard1l@trellian.com,Bigender,30.79.178.134
59,Paxon,Krinks,pkrinks1m@wufoo.com,Non-binary,161.252.79.248
60,Louise,Guwer,lguwer1n@webmd.com,Bigender,91.213.53.10
61,Eba,Glasser,eglasser1o@dailymotion.com,Bigender,142.140.57.246
62,Myles,Brevetor,mbrevetor1p@hc360.com,Male,189.71.38.105
63,Poppy,Martins,pmartins1q@ow.ly,Agender,148.191.107.232
64,Robyn,Evanson,revanson1r@mozilla.com,Non-binary,243.8.30.243
65,Deidre,Craw,dcraw1s@altervista.org,Female,144.98.179.148
66,Eamon,Aksell,eaksell1t@technorati.com,Non-binary,69.122.1.133
67,Antonetta,Cambridge,acambridge1u@webs.com,Bigender,44.242.115.48
68,Cam,Ketch,cketch1v@blogtalkradio.com,Female,30.177.216.219
69,Yvor,Knobell,yknobell1w@feedburner.com,Agender,61.34.91.239
70,Shelton,Dudding,sdudding1x@storify.com,Agender,78.26.5.57
71,Rodrick,Hanhard,rhanhard1y@ft.com,Agender,100.11.249.108
72,James,Zambon,jzambon1z@geocities.jp,Bigender,81.11.122.212
73,Redford,Miliffe,rmiliffe20@woothemes.com,Male,124.46.196.210
74,Nancey,Depka,ndepka21@hao123.com,Female,71.3.38.202
75,Tonia,Slowan,tslowan22@sun.com,Male,202.41.178.171
76,Jessamyn,Coulman,jcoulman23@senate.gov,Polygender,59.195.246.168
77,Jarad,Aronin,jaronin24@shop-pro.jp,Bigender,239.21.87.26
78,Sybila,Toten,stoten25@businessweek.com,Genderqueer,65.125.206.126
79,Izzy,Jearum,ijearum26@arizona.edu,Genderfluid,173.214.107.209
80,Wilma,Crothers,wcrothers27@typepad.com,Non-binary,108.206.49.79
81,Mollie,Ollier,mollier28@altervista.org,Polygender,23.192.127.88
82,Catherina,Loosley,cloosley29@networkadvertising.org,Male,64.204.234.192
83,Cassie,Commuzzo,ccommuzzo2a@irs.gov,Female,81.88.55.144
84,Tobi,Thick,tthick2b@soundcloud.com,Non-binary,172.98.127.53
85,Ginger,Cromack,gcromack2c@independent.co.uk,Agender,11.119.239.229
86,Colman,Eberst,ceberst2d@sohu.com,Male,60.238.57.154
87,Nicolai,Blackeby,nblackeby2e@unicef.org,Genderqueer,185.204.54.142
88,Sheilakathryn,Van der Kruijs,svanderkruijs2f@topsy.com,Non-binary,161.91.123.233
89,Geri,Slaten,gslaten2g@reddit.com,Polygender,84.92.43.39
90,Clari,Syvret,csyvret2h@chron.com,Non-binary,206.248.153.214
91,Odelle,Staves,ostaves2i@gov.uk,Non-binary,16.117.239.185
92,Cece,Binding,cbinding2j@npr.org,Bigender,254.166.193.152
93,Ronalda,Poskitt,rposkitt2k@posterous.com,Genderqueer,184.65.206.235
94,Denver,Baildon,dbaildon2l@noaa.gov,Bigender,61.185.248.96
95,Trixy,Tarrant,ttarrant2m@slideshare.net,Bigender,206.128.247.204
96,Aloysius,Vidyapin,avidyapin2n@tiny.cc,Female,214.240.134.244
97,Garrot,Jermy,gjermy2o@businesswire.com,Bigender,36.24.131.129
98,Leelah,Franchioni,lfranchioni2p@pinterest.com,Genderfluid,118.123.115.99
99,Dix,Jakes,djakes2q@t-online.de,Genderfluid,224.139.76.255
100,Rachael,Trye,rtrye2r@jimdo.com,Female,4.222.129.201
101,Harriott,Kelway,hkelway2s@paypal.com,Agender,166.71.103.125
102,Norby,Ferrar,nferrar2t@cbslocal.com,Genderfluid,163.38.65.176
103,Alexia,Aleksahkin,aaleksahkin2u@php.net,Genderqueer,218.201.70.43
104,Judie,Linkie,jlinkie2v@twitpic.com,Genderqueer,34.241.56.44
105,Blondie,Ivell,bivell2w@aol.com,Female,23.22.140.76
106,Goober,Harnwell,gharnwell2x@bigcartel.com,Non-binary,147.220.218.174
107,Laurella,Buddington,lbuddington2y@miitbeian.gov.cn,Agender,252.137.250.183
108,Reiko,Plampin,rplampin2z@creativecommons.org,Agender,26.19.252.160
109,Clemence,Ridett,cridett30@hc360.com,Genderqueer,52.161.116.172
110,Mariejeanne,Deme,mdeme31@unesco.org,Polygender,138.169.109.240
111,Rosella,Cranstone,rcranstone32@sourceforge.net,Non-binary,21.207.236.72
112,Dorie,Jemmison,djemmison33@cam.ac.uk,Polygender,16.0.244.255
113,Trescha,Mc Gee,tmcgee34@imdb.com,Female,184.145.17.21
114,Cordula,Hardeman,chardeman35@eepurl.com,Genderfluid,114.71.117.201
115,Christoper,Mesnard,cmesnard36@e-recht24.de,Bigender,253.27.221.179
116,Nelly,Champley,nchampley37@google.it,Genderqueer,108.247.102.202
117,Erin,Hatrick,ehatrick38@simplemachines.org,Genderfluid,62.50.141.114
118,Maison,Brighouse,mbrighouse39@addtoany.com,Genderqueer,62.149.116.224
119,Hersch,Courtman,hcourtman3a@networkadvertising.org,Agender,116.127.22.123
120,Veriee,Mynott,vmynott3b@zimbio.com,Non-binary,165.127.65.0
121,Xena,Camies,xcamies3c@addtoany.com,Male,190.139.2.80
122,Gilberta,Norval,gnorval3d@mit.edu,Agender,118.84.11.211
123,Stillmann,Lutsch,slutsch3e@soundcloud.com,Male,48.200.121.144
124,Othello,McGarahan,omcgarahan3f@meetup.com,Agender,63.106.122.106
125,Thomas,Feacham,tfeacham3g@typepad.com,Polygender,89.79.173.255
126,Harlen,Loncaster,hloncaster3h@nifty.com,Male,77.95.189.220
127,Gradeigh,Dunrige,gdunrige3i@columbia.edu,Genderqueer,73.176.45.213
128,Hazel,Peschet,hpeschet3j@blog.com,Female,203.121.164.81
129,Nobie,Mewett,nmewett3k@elegantthemes.com,Genderfluid,152.142.18.175
130,Merissa,Andreassen,mandreassen3l@vinaora.com,Agender,210.174.210.61
131,Elsi,Alps,ealps3m@deviantart.com,Polygender,22.185.17.153
132,Faber,Wooderson,fwooderson3n@washingtonpost.com,Non-binary,240.45.229.122
133,Janelle,Gluyus,jgluyus3o@yandex.ru,Polygender,197.240.234.58
134,Kris,Klaas,kklaas3p@netvibes.com,Agender,212.214.147.59
135,Bree,Scarasbrick,bscarasbrick3q@e-recht24.de,Female,195.19.79.133
136,Karlotta,Yarnall,kyarnall3r@ebay.com,Genderfluid,198.17.32.163
137,Ignacius,Heigold,iheigold3s@yandex.ru,Genderfluid,214.222.196.47
138,Cherish,Jullian,cjullian3t@hc360.com,Genderqueer,249.94.168.172
139,Kristoffer,Pidon,kpidon3u@whitehouse.gov,Male,97.170.227.246
140,Shandee,Urwen,surwen3v@livejournal.com,Female,96.190.94.81
141,Marthe,Banes,mbanes3w@tripod.com,Male,221.58.117.199
142,Ravi,Puleque,rpuleque3x@t.co,Female,229.146.130.196
143,Dulciana,Laurisch,dlaurisch3y@feedburner.com,Bigender,15.225.75.143
144,Tasha,Scottrell,tscottrell3z@artisteer.com,Genderfluid,109.208.144.67
145,Teri,ducarme,tducarme40@jiathis.com,Bigender,210.180.35.26
146,Joane,Frankham,jfrankham41@bbb.org,Male,37.142.215.191
147,Kristos,Redgate,kredgate42@seattletimes.com,Female,22.204.1.195
148,Henrie,Eddleston,heddleston43@cnet.com,Polygender,225.65.1.117
149,Viki,Jealous,vjealous44@bbc.co.uk,Agender,127.87.105.219
150,Wallache,Hazeldean,whazeldean45@cloudflare.com,Male,38.170.137.175
151,Analiese,Tabor,atabor46@lycos.com,Bigender,106.128.244.12
152,Kristy,Wattisham,kwattisham47@vimeo.com,Genderfluid,14.141.250.180
153,Walt,Woodroffe,wwoodroffe48@sun.com,Male,10.33.121.255
154,Celestyn,Reiglar,creiglar49@ft.com,Male,6.184.103.61
155,Devlin,Rubinovitsch,drubinovitsch4a@cbc.ca,Bigender,35.30.161.88
156,Benjamen,Hendriks,bhendriks4b@guardian.co.uk,Bigender,173.168.21.119
157,Maynord,Ganiclef,mganiclef4c@timesonline.co.uk,Polygender,149.204.235.46
158,Viviene,Povele,vpovele4d@webmd.com,Genderqueer,161.161.169.61
159,Vanny,Wickliffe,vwickliffe4e@netscape.com,Polygender,196.167.67.239
160,Udale,Sanpere,usanpere4f@google.co.jp,Genderqueer,166.176.151.20
161,Paige,Kornel,pkornel4g@vk.com,Genderfluid,227.108.253.221
162,Trevar,Berrie,tberrie4h@xrea.com,Female,243.149.252.90
163,Terrill,Minett,tminett4i@mit.edu,Polygender,0.249.169.188
164,Raf,Pochon,rpochon4j@symantec.com,Genderfluid,24.33.223.207
165,Selig,Westell,swestell4k@flickr.com,Agender,225.31.188.65
166,Fenelia,Gaye,fgaye4l@naver.com,Polygender,62.162.95.224
167,Abie,Wisdom,awisdom4m@google.ca,Genderfluid,95.159.148.159
168,Howie,Lochet,hlochet4n@yahoo.co.jp,Agender,164.206.27.246
169,Daria,Rowcliffe,drowcliffe4o@redcross.org,Agender,112.73.34.193
170,Deny,Grewcock,dgrewcock4p@cdbaby.com,Polygender,38.66.225.89
171,Hulda,Borham,hborham4q@spotify.com,Non-binary,24.161.24.240
172,Madel,Tidgewell,mtidgewell4r@cdbaby.com,Male,86.203.167.155
173,Bev,Blight,bblight4s@altervista.org,Genderfluid,179.151.253.244
174,Audi,Gammon,agammon4t@e-recht24.de,Genderfluid,20.46.147.182
175,Curtice,Emby,cemby4u@latimes.com,Genderqueer,129.79.118.184
176,Tadio,Boorer,tboorer4v@illinois.edu,Polygender,5.36.247.112
177,Welbie,Livens,wlivens4w@wiley.com,Genderqueer,149.15.235.253
178,Ermina,Cruft,ecruft4x@soup.io,Genderfluid,33.81.132.239
179,Queenie,Paulsen,qpaulsen4y@yahoo.co.jp,Male,58.6.133.179
180,Muffin,Podd,mpodd4z@fda.gov,Non-binary,173.253.224.5
181,Robert,Tailour,rtailour50@dagondesign.com,Non-binary,149.177.3.6
182,Darlleen,Skerrett,dskerrett51@whitehouse.gov,Male,161.211.237.227
183,Pauli,Marjanovic,pmarjanovic52@deviantart.com,Bigender,225.235.254.203
184,Pauli,Neasam,pneasam53@moonfruit.com,Bigender,175.35.105.102
185,Tabbitha,MacKilroe,tmackilroe54@ted.com,Non-binary,83.7.77.141
186,Case,Haberfield,chaberfield55@fotki.com,Male,231.86.172.213
187,Clarisse,Haney`,chaney56@i2i.jp,Agender,173.100.240.229
188,Darby,Werrit,dwerrit57@reverbnation.com,Female,186.107.22.101
189,Nehemiah,Pimlock,npimlock58@technorati.com,Non-binary,83.128.176.116
190,Helene,Oswald,hoswald59@bandcamp.com,Agender,219.231.172.68
191,Anet,Maddigan,amaddigan5a@vk.com,Female,40.121.23.210
192,Edin,Storch,estorch5b@discovery.com,Bigender,158.25.250.8
193,Schuyler,McQuilty,smcquilty5c@bandcamp.com,Genderfluid,145.104.116.179
194,Albrecht,Castagneto,acastagneto5d@cisco.com,Bigender,102.59.219.34
195,Gena,Borwick,gborwick5e@virginia.edu,Male,8.235.130.160
196,Beck,Boobier,bboobier5f@google.com.br,Male,50.8.197.216
197,Madge,Matushenko,mmatushenko5g@whitehouse.gov,Agender,146.62.29.44
198,Claude,Seamans,cseamans5h@omniture.com,Agender,148.255.124.151
199,Raff,Bleackly,rbleackly5i@sphinn.com,Male,180.108.119.203
200,Donica,Duckham,dduckham5j@nationalgeographic.com,Female,171.7.117.172
201,Reynard,MacCostye,rmaccostye5k@twitter.com,Genderfluid,169.69.196.6
202,Saxon,Gipp,sgipp5l@acquirethisname.com,Female,12.221.195.91
203,Barbe,Sutch,bsutch5m@wordpress.com,Male,102.69.153.252
204,Crystal,Pitkin,cpitkin5n@examiner.com,Female,199.71.81.209
205,Sax,Havock,shavock5o@plala.or.jp,Genderqueer,157.94.161.199
206,Waly,Saturley,wsaturley5p@prweb.com,Non-binary,46.215.148.97
207,Druci,Savage,dsavage5q@latimes.com,Non-binary,33.204.114.58
208,Cornall,Tabner,ctabner5r@reverbnation.com,Male,239.15.248.182
209,Briney,Rabson,brabson5s@salon.com,Agender,196.98.6.98
210,Kevin,Brocking,kbrocking5t@symantec.com,Polygender,218.236.152.215
211,Janifer,Wookey,jwookey5u@google.nl,Polygender,107.227.52.82
212,Ryley,Hickin,rhickin5v@topsy.com,Genderqueer,191.229.48.83
213,Kiley,Bachelor,kbachelor5w@naver.com,Female,57.12.132.224
214,Niven,Hyndson,nhyndson5x@ameblo.jp,Male,166.50.78.141
215,Lorens,Bodicam,lbodicam5y@barnesandnoble.com,Female,5.12.37.169
216,Romona,Ech,rech5z@blog.com,Male,56.101.66.170
217,Avery,Mallalieu,amallalieu60@examiner.com,Male,134.24.91.124
218,Franni,Rockliffe,frockliffe61@google.ru,Genderfluid,135.208.193.127
219,Joey,Story,jstory62@wikia.com,Male,220.50.75.2
220,Antony,Rodman,arodman63@un.org,Agender,198.23.32.37
221,Manya,Keveren,mkeveren64@shareasale.com,Male,237.13.185.170
222,Willy,Berrigan,wberrigan65@netvibes.com,Polygender,22.21.109.89
223,Chrisy,Cull,ccull66@biblegateway.com,Male,235.90.41.59
224,Bettina,Grigoletti,bgrigoletti67@dailymotion.com,Genderfluid,167.131.5.1
225,Meryl,Plover,mplover68@altervista.org,Polygender,229.173.71.160
226,Ynez,Putterill,yputterill69@un.org,Agender,118.253.100.160
227,Petra,Cossem,pcossem6a@house.gov,Female,246.94.175.71
228,Janine,Lohden,jlohden6b@mashable.com,Male,36.100.112.100
229,Alick,Probert,aprobert6c@nationalgeographic.com,Non-binary,16.192.74.152
230,Jordain,Dryburgh,jdryburgh6d@bravesites.com,Agender,22.110.208.17
231,Robb,Mannock,rmannock6e@typepad.com,Male,151.182.124.176
232,Kasey,Colaco,kcolaco6f@deviantart.com,Female,57.242.43.49
233,Gilligan,Willey,gwilley6g@noaa.gov,Agender,135.47.250.97
234,Pandora,Iacivelli,piacivelli6h@arstechnica.com,Non-binary,29.201.253.97
235,Toma,Whitwham,twhitwham6i@squidoo.com,Non-binary,39.143.12.9
236,Connie,Jaggers,cjaggers6j@narod.ru,Agender,37.240.107.148
237,Pearle,Shackleford,pshackleford6k@issuu.com,Female,12.167.178.240
238,Calla,Scanlan,cscanlan6l@wp.com,Bigender,204.199.141.227
239,Claretta,Duffer,cduffer6m@vistaprint.com,Female,188.210.35.179
240,Kelby,Reubbens,kreubbens6n@devhub.com,Polygender,28.88.179.121
241,Maridel,Kinghorn,mkinghorn6o@tiny.cc,Non-binary,2.184.170.214
242,Emerson,Vasentsov,evasentsov6p@shop-pro.jp,Bigender,153.104.155.173
243,Adara,Malcolmson,amalcolmson6q@hp.com,Genderqueer,184.73.52.193
244,Denys,Jestico,djestico6r@liveinternet.ru,Female,57.199.152.39
245,Budd,Tongue,btongue6s@timesonline.co.uk,Male,188.164.110.206
246,Herb,Brea,hbrea6t@columbia.edu,Female,55.223.243.114
247,Salim,Barnwell,sbarnwell6u@globo.com,Male,59.161.198.128
248,Klarika,Westcar,kwestcar6v@senate.gov,Polygender,150.186.132.42
249,Randolf,Sones,rsones6w@nps.gov,Female,92.63.93.114
250,Sammie,Trowel,strowel6x@parallels.com,Agender,171.101.40.44
251,Sherlocke,Evamy,sevamy6y@gmpg.org,Non-binary,95.188.38.69
252,Tristan,Stapele,tstapele6z@amazonaws.com,Male,27.37.28.228
253,Livia,McGlew,lmcglew70@si.edu,Polygender,177.50.47.157
254,Alvy,Kayley,akayley71@hexun.com,Female,195.69.18.163
255,Lita,Enefer,lenefer72@ning.com,Male,154.135.182.117
256,Genni,Lavielle,glavielle73@linkedin.com,Bigender,63.143.202.155
257,Arden,Yter,ayter74@github.io,Bigender,188.63.119.207
258,Bailey,Diggons,bdiggons75@auda.org.au,Non-binary,188.22.199.37
259,Christalle,Duffin,cduffin76@jiathis.com,Female,86.64.107.86
260,Sarina,Astbery,sastbery77@abc.net.au,Male,101.120.83.193
261,Melloney,Dannatt,mdannatt78@wp.com,Female,239.173.79.55
262,Benito,Brocking,bbrocking79@ifeng.com,Polygender,85.65.4.67
263,D'arcy,Gareisr,dgareisr7a@goodreads.com,Genderqueer,35.174.68.182
264,Allyson,Issacoff,aissacoff7b@uol.com.br,Genderfluid,148.35.122.209
265,Jakob,Laffling,jlaffling7c@skype.com,Bigender,225.164.61.106
266,Tristam,Itzcak,titzcak7d@blogs.com,Bigender,161.172.72.41
267,Jakob,Ornelas,jornelas7e@cbsnews.com,Non-binary,251.55.54.44
268,Winnah,Espina,wespina7f@behance.net,Bigender,108.252.201.203
269,Meghan,Miklem,mmiklem7g@hc360.com,Polygender,119.149.87.19
270,Pepi,Follit,pfollit7h@reverbnation.com,Female,26.57.143.220
271,Ivette,Gilley,igilley7i@usgs.gov,Genderfluid,216.54.2.155
272,Dorene,Mandy,dmandy7j@dagondesign.com,Agender,195.143.223.163
273,Gaynor,Kuhlmey,gkuhlmey7k@discuz.net,Agender,30.223.204.206
274,Veronica,Blay,vblay7l@diigo.com,Agender,229.110.27.220
275,Nickolas,Streater,nstreater7m@alibaba.com,Genderfluid,147.134.244.216
276,Jacques,Surr,jsurr7n@dailymotion.com,Male,18.83.54.241
277,Merry,Lantiffe,mlantiffe7o@economist.com,Male,93.128.150.241
278,Marlee,Meeny,mmeeny7p@cisco.com,Polygender,127.2.92.162
279,Lorelei,Hansom,lhansom7q@pbs.org,Genderqueer,242.123.231.88
280,Dael,Bolam,dbolam7r@discuz.net,Genderqueer,233.67.246.150
281,Klemens,Holhouse,kholhouse7s@blogspot.com,Non-binary,16.151.31.40
282,Vladamir,Heakey,vheakey7t@amazon.co.uk,Agender,102.124.101.3
283,Milzie,Szymanek,mszymanek7u@cyberchimps.com,Non-binary,17.140.165.186
284,Gui,Mercer,gmercer7v@twitpic.com,Bigender,61.42.239.231
285,Gabi,Bracey,gbracey7w@topsy.com,Genderfluid,206.116.216.114
286,Yovonnda,Bigadike,ybigadike7x@privacy.gov.au,Female,180.93.175.5
287,Virginie,Meir,vmeir7y@patch.com,Male,4.102.176.220
288,Gareth,Lillgard,glillgard7z@pen.io,Agender,72.156.81.70
289,Justin,Lockless,jlockless80@digg.com,Genderqueer,13.59.232.198
290,Agace,Ollington,aollington81@ucoz.com,Male,130.229.102.37
291,Elberta,Scotsbrook,escotsbrook82@answers.com,Male,189.205.181.8
292,Collen,Petrasek,cpetrasek83@mozilla.com,Non-binary,39.37.109.4
293,Saba,Andryushin,sandryushin84@gov.uk,Genderfluid,166.229.237.15
294,Mab,Farrah,mfarrah85@smh.com.au,Female,133.196.237.225
295,Stirling,Broadberry,sbroadberry86@disqus.com,Agender,94.29.116.92
296,Jaymie,Barrowclough,jbarrowclough87@ft.com,Genderfluid,171.107.102.160
297,Anetta,Yeld,ayeld88@issuu.com,Male,225.42.237.105
298,Denis,Berrisford,dberrisford89@google.ru,Female,153.37.204.57
299,Stillmann,Biaggioni,sbiaggioni8a@chronoengine.com,Polygender,43.79.238.109
300,Henrik,Dron,hdron8b@pbs.org,Non-binary,56.128.233.149
301,Bernelle,Warboys,bwarboys8c@studiopress.com,Bigender,19.154.179.174
302,Ulrica,Glowacz,uglowacz8d@princeton.edu,Bigender,102.163.102.90
303,Debra,Sucre,dsucre8e@addthis.com,Polygender,248.43.157.163
304,Harman,Klagges,hklagges8f@nsw.gov.au,Genderfluid,136.227.55.118
305,Jeanna,Lackington,jlackington8g@wired.com,Bigender,98.255.102.248
306,Babette,Guiso,bguiso8h@army.mil,Female,90.141.87.64
307,Marietta,Demetr,mdemetr8i@barnesandnoble.com,Agender,121.77.22.147
308,Kennett,Davisson,kdavisson8j@webs.com,Male,62.157.230.18
309,Clarke,McIndrew,cmcindrew8k@vimeo.com,Non-binary,59.4.70.98
310,Lincoln,Pawelke,lpawelke8l@homestead.com,Polygender,187.180.102.221
311,Spense,Simioni,ssimioni8m@un.org,Male,56.177.85.217
312,Vasili,Ismail,vismail8n@ihg.com,Non-binary,250.131.199.83
313,Danielle,Guess,dguess8o@storify.com,Bigender,217.20.89.156
314,Melody,Millett,mmillett8p@so-net.ne.jp,Male,167.138.230.155
315,Legra,Slym,lslym8q@g.co,Male,127.22.95.153
316,Blane,Wagenen,bwagenen8r@netvibes.com,Agender,140.61.142.134
317,Beckie,Fortin,bfortin8s@amazon.de,Non-binary,182.128.156.26
318,Carmelia,Robinson,crobinson8t@kickstarter.com,Bigender,100.68.165.147
319,Wenona,Chesson,wchesson8u@dyndns.org,Bigender,22.167.172.3
320,Edlin,Blaymires,eblaymires8v@multiply.com,Female,15.0.227.157
321,Rutherford,Currer,rcurrer8w@biblegateway.com,Genderqueer,240.192.41.111
322,Tirrell,Preece,tpreece8x@4shared.com,Agender,211.227.180.95
323,Hilliary,Walklott,hwalklott8y@w3.org,Genderfluid,158.53.243.229
324,Reagan,Dymick,rdymick8z@wikipedia.org,Polygender,151.88.63.193
325,Rand,Sawart,rsawart90@wsj.com,Female,38.140.95.63
326,Essie,Clowsley,eclowsley91@over-blog.com,Polygender,53.252.207.223
327,Rosalynd,Boshard,rboshard92@yellowbook.com,Female,165.58.107.26
328,Bertram,Goschalk,bgoschalk93@list-manage.com,Polygender,10.132.137.135
329,Nyssa,Betteridge,nbetteridge94@rakuten.co.jp,Bigender,164.69.239.98
330,Val,Maun,vmaun95@ehow.com,Bigender,203.114.13.37
331,Jarvis,Fordyce,jfordyce96@altervista.org,Genderfluid,233.187.112.137
332,Blondie,Fawthorpe,bfawthorpe97@cyberchimps.com,Polygender,102.129.124.100
333,Cherye,Riddell,criddell98@dmoz.org,Bigender,231.129.5.225
334,Anica,Medwell,amedwell99@360.cn,Bigender,84.175.61.53
335,Royal,Flack,rflack9a@example.com,Polygender,191.130.172.169
336,Lucita,Mosby,lmosby9b@wired.com,Male,199.108.169.15
337,Daryl,Catteroll,dcatteroll9c@barnesandnoble.com,Genderfluid,132.67.86.68
338,Twyla,Clemont,tclemont9d@oakley.com,Agender,171.86.92.233
339,Celestyna,Mennithorp,cmennithorp9e@purevolume.com,Male,229.250.160.140
340,Cyrus,Beseke,cbeseke9f@webmd.com,Polygender,192.79.11.116
341,Mike,Asee,masee9g@intel.com,Non-binary,30.121.112.242
342,Mada,Dornan,mdornan9h@zdnet.com,Agender,94.219.39.184
343,Tyne,Schust,tschust9i@discuz.net,Genderfluid,158.209.73.119
344,Doretta,Denslow,ddenslow9j@wix.com,Genderqueer,73.97.87.98
345,Faustina,Kembley,fkembley9k@reference.com,Agender,233.227.78.96
346,Maxi,Crowcombe,mcrowcombe9l@weebly.com,Genderfluid,246.110.61.107
347,Vivian,Tardiff,vtardiff9m@wsj.com,Male,160.243.172.131
348,Ethyl,Beining,ebeining9n@yolasite.com,Female,26.41.50.68
349,Burgess,Huncote,bhuncote9o@netvibes.com,Agender,197.221.141.252
350,Clarette,Collum,ccollum9p@webmd.com,Male,113.177.248.219
351,Brianna,Troubridge,btroubridge9q@flickr.com,Female,97.242.97.199
352,Norean,Gillespie,ngillespie9r@vinaora.com,Genderqueer,181.26.193.189
353,Torry,Flipek,tflipek9s@github.io,Non-binary,253.14.16.153
354,Joan,Yanshonok,jyanshonok9t@noaa.gov,Polygender,4.96.202.217
355,Garrett,MacCart,gmaccart9u@ca.gov,Genderfluid,110.24.44.151
356,Lula,Mc Caughan,lmccaughan9v@exblog.jp,Agender,99.68.210.73
357,Rip,Buglass,rbuglass9w@1688.com,Female,232.131.147.99
358,Dallon,Gerran,dgerran9x@wiley.com,Bigender,149.125.142.145
359,Shelley,Jakeway,sjakeway9y@un.org,Polygender,250.58.107.191
360,Cass,Bischop,cbischop9z@reverbnation.com,Agender,53.145.154.169
361,Abigale,Ludwell,aludwella0@mapquest.com,Bigender,152.244.156.47
362,Kristy,Gadney,kgadneya1@plala.or.jp,Genderqueer,88.170.233.239
363,Cathrine,Broughton,cbroughtona2@artisteer.com,Bigender,128.57.103.123
364,Geneva,Rawls,grawlsa3@go.com,Agender,20.39.165.15
365,Othello,Gawith,ogawitha4@nhs.uk,Genderfluid,245.194.249.14
366,Raynell,Coplestone,rcoplestonea5@drupal.org,Genderqueer,247.47.14.128
367,Issy,Pepye,ipepyea6@naver.com,Non-binary,238.241.239.77
368,Ruperta,Cathcart,rcathcarta7@prlog.org,Polygender,138.172.87.144
369,Say,Kas,skasa8@indiatimes.com,Female,78.70.38.163
370,Ernestine,Wellman,ewellmana9@pcworld.com,Genderfluid,31.241.125.179
371,Angelo,Hefner,ahefneraa@loc.gov,Male,17.43.181.75
372,Granger,Adnams,gadnamsab@dyndns.org,Genderqueer,72.25.171.199
373,Carmelina,Fleckness,cflecknessac@com.com,Male,209.94.137.208
374,Garold,Mannooch,gmannoochad@themeforest.net,Bigender,105.22.180.194
375,Alexandrina,Waters,awatersae@disqus.com,Non-binary,104.110.232.56
376,Crosby,Powers,cpowersaf@arizona.edu,Genderfluid,135.28.77.215
377,Parrnell,Sherbrook,psherbrookag@webeden.co.uk,Male,179.129.42.34
378,Geno,Sobieski,gsobieskiah@cbc.ca,Genderfluid,35.207.83.84
379,Pia,Champley,pchampleyai@smh.com.au,Female,161.253.74.203
380,Skippy,Akaster,sakasteraj@tiny.cc,Non-binary,55.81.70.208
381,Hillier,Jovicevic,hjovicevicak@google.co.jp,Non-binary,251.117.199.117
382,Lari,Edinburough,ledinburoughal@indiatimes.com,Non-binary,116.184.117.142
383,Domeniga,Ephson,dephsonam@reverbnation.com,Female,34.2.132.89
384,Reed,Cassell,rcassellan@google.de,Bigender,201.35.94.163
385,Jasmina,Schade,jschadeao@oracle.com,Bigender,75.37.226.22
386,Isidor,Baugham,ibaughamap@admin.ch,Male,200.96.10.203
387,Chryste,Brookton,cbrooktonaq@nps.gov,Male,60.100.13.121
388,Elfreda,Ornillos,eornillosar@elpais.com,Male,76.239.103.92
389,Erena,Lackney,elackneyas@blogtalkradio.com,Male,253.86.156.133
390,Rubie,Bucham,rbuchamat@discuz.net,Agender,48.135.86.116
391,Hubey,MacGaughey,hmacgaugheyau@godaddy.com,Male,187.34.107.212
392,Benedetto,Tolefree,btolefreeav@ask.com,Genderfluid,104.78.96.124
393,Care,McNair,cmcnairaw@phoca.cz,Agender,69.199.39.189
394,Zorine,Falconer-Taylor,zfalconertaylorax@ibm.com,Male,80.170.4.137
395,Brett,Bucky,bbuckyay@ebay.co.uk,Genderqueer,60.0.76.76
396,Brenda,McPhail,bmcphailaz@archive.org,Genderqueer,214.44.43.91
397,Silvana,Birchner,sbirchnerb0@comcast.net,Male,163.21.123.30
398,Bonnee,Pipworth,bpipworthb1@china.com.cn,Male,75.181.14.44
399,Jeff,Drissell,jdrissellb2@scientificamerican.com,Genderfluid,173.133.11.47
400,Genevra,Ridett,gridettb3@github.com,Non-binary,206.90.236.21
401,Vaughn,Beckingham,vbeckinghamb4@youtu.be,Non-binary,182.18.24.31
402,Jania,Clemmitt,jclemmittb5@whitehouse.gov,Female,111.164.118.28
403,Pansy,Lemonby,plemonbyb6@spotify.com,Female,5.22.205.78
404,Ignacius,Lynnett,ilynnettb7@cnbc.com,Genderfluid,99.107.15.208
405,Clotilda,Celez,ccelezb8@ibm.com,Genderqueer,77.209.28.45
406,Dorella,Birkett,dbirkettb9@discuz.net,Polygender,79.97.40.132
407,Skip,Sweating,ssweatingba@vinaora.com,Non-binary,153.7.153.141
408,Wallas,Lindl,wlindlbb@merriam-webster.com,Agender,60.90.223.215
409,Gregg,Islip,gislipbc@sogou.com,Non-binary,117.130.65.60
410,Rorke,Reichelt,rreicheltbd@yelp.com,Female,183.136.116.105
411,Susanetta,Maitland,smaitlandbe@tinyurl.com,Female,193.227.57.174
412,Harv,Tulloch,htullochbf@gravatar.com,Genderfluid,118.24.123.30
413,Marne,Taree,mtareebg@answers.com,Non-binary,213.38.109.87
414,Quintina,Pane,qpanebh@census.gov,Non-binary,155.195.26.61
415,Rees,Clotworthy,rclotworthybi@upenn.edu,Agender,23.255.55.70
416,Durward,Michelin,dmichelinbj@oracle.com,Female,122.242.9.89
417,Timothy,Sherburn,tsherburnbk@bloglovin.com,Genderfluid,65.152.18.75
418,Tabbatha,Hellsdon,thellsdonbl@pagesperso-orange.fr,Non-binary,126.158.204.125
419,Allys,Burchall,aburchallbm@elpais.com,Genderqueer,115.150.1.171
420,Irena,Thredder,ithredderbn@upenn.edu,Non-binary,168.253.82.130
421,Welbie,Nys,wnysbo@prnewswire.com,Agender,168.255.65.128
422,Osbourn,Spackman,ospackmanbp@artisteer.com,Male,14.24.140.54
423,Diarmid,Turtle,dturtlebq@dell.com,Female,2.83.189.36
424,Rurik,Bridle,rbridlebr@tinyurl.com,Female,159.131.3.71
425,Michal,Macilhench,mmacilhenchbs@princeton.edu,Agender,86.25.95.62
426,Chrissie,Rabbitts,crabbittsbt@cnn.com,Male,247.184.94.56
427,Lorin,Olenchikov,lolenchikovbu@stumbleupon.com,Bigender,167.47.83.94
428,Ignacio,Patkin,ipatkinbv@cocolog-nifty.com,Male,242.170.8.94
429,Aleda,Blaisdell,ablaisdellbw@goo.gl,Non-binary,231.76.118.247
430,Zorana,Ratchford,zratchfordbx@nature.com,Bigender,92.140.63.100
431,Coreen,Fermin,cferminby@usnews.com,Agender,79.112.52.173
432,Kamila,Cobb,kcobbbz@studiopress.com,Polygender,251.129.192.17
433,Marsiella,Dell Casa,mdellcasac0@deviantart.com,Genderqueer,218.196.199.232
434,Darcie,Kochs,dkochsc1@naver.com,Bigender,190.155.227.193
435,Amara,Hayth,ahaythc2@nasa.gov,Genderfluid,126.68.183.94
436,Cookie,Hobgen,chobgenc3@rambler.ru,Female,88.245.133.206
437,Heinrick,Peters,hpetersc4@soundcloud.com,Polygender,182.50.205.212
438,Marthena,Matysik,mmatysikc5@shop-pro.jp,Agender,188.44.203.84
439,Kerk,Jenno,kjennoc6@webeden.co.uk,Non-binary,149.139.64.121
440,Austin,Comelli,acomellic7@tiny.cc,Non-binary,51.173.129.28
441,Nathaniel,Mushett,nmushettc8@theatlantic.com,Genderqueer,154.154.69.170
442,Rowe,Mille,rmillec9@goodreads.com,Bigender,190.131.120.114
443,Bellanca,Le Noury,blenouryca@mediafire.com,Male,208.43.70.37
444,Erick,Ravenhill,eravenhillcb@cbslocal.com,Male,12.115.36.47
445,Jerri,Cuolahan,jcuolahancc@moonfruit.com,Male,179.95.6.231
446,Hulda,Gruczka,hgruczkacd@npr.org,Genderqueer,106.119.110.219
447,Raf,Soughton,rsoughtonce@vistaprint.com,Female,250.160.77.79
448,Wylma,Kroon,wkrooncf@flickr.com,Genderqueer,241.194.121.30
449,Arvin,Roome,aroomecg@hibu.com,Female,244.207.99.48
450,Lorianne,Orton,lortonch@over-blog.com,Agender,51.243.171.226
451,Pris,Bazeley,pbazeleyci@msu.edu,Female,1.194.28.224
452,Ofella,Whyborne,owhybornecj@sfgate.com,Agender,202.108.6.221
453,Tabitha,Bretelle,tbretelleck@constantcontact.com,Agender,230.247.154.1
454,Hewet,Butterfill,hbutterfillcl@cnbc.com,Genderfluid,197.92.101.129
455,Cristian,Baus,cbauscm@blogs.com,Polygender,81.18.141.228
456,Annalise,Redborn,aredborncn@themeforest.net,Non-binary,204.80.61.159
457,Lynelle,McCurdy,lmccurdyco@cnet.com,Agender,61.126.72.144
458,Alleyn,Loseke,alosekecp@accuweather.com,Bigender,229.120.158.233
459,Francois,Biggadyke,fbiggadykecq@skyrock.com,Female,163.16.82.255
460,Rosetta,Deeny,rdeenycr@google.pl,Polygender,82.49.206.6
461,Del,Priver,dprivercs@liveinternet.ru,Agender,59.66.159.190
462,Marcus,Brok,mbrokct@hibu.com,Non-binary,23.194.234.214
463,Jervis,Fleckness,jflecknesscu@opensource.org,Polygender,174.145.210.205
464,Padget,Rump,prumpcv@1688.com,Agender,83.128.180.44
465,Lynett,Toller,ltollercw@google.de,Bigender,155.223.19.228
466,Nani,Morman,nmormancx@comsenz.com,Agender,16.134.98.67
467,Vasily,Ianittello,vianittellocy@flickr.com,Bigender,110.95.209.199
468,Bernita,Harmon,bharmoncz@springer.com,Female,254.236.123.134
469,Zachariah,Goneau,zgoneaud0@europa.eu,Bigender,13.195.195.69
470,Ashley,Holsall,aholsalld1@theguardian.com,Male,78.236.240.132
471,Melodie,Littlejohns,mlittlejohnsd2@yandex.ru,Polygender,158.116.148.184
472,Teri,Dymott,tdymottd3@marketwatch.com,Non-binary,140.140.225.42
473,Ike,Balmadier,ibalmadierd4@cmu.edu,Agender,77.197.128.188
474,Cyndi,Unworth,cunworthd5@squarespace.com,Genderqueer,71.3.147.55
475,Faye,Deeny,fdeenyd6@163.com,Genderfluid,220.103.135.62
476,Sonnnie,Tyers,styersd7@foxnews.com,Agender,111.37.130.60
477,Guy,McCreedy,gmccreedyd8@stumbleupon.com,Agender,57.79.255.10
478,Brynna,McTerry,bmcterryd9@opensource.org,Polygender,157.200.53.64
479,Anna,Motto,amottoda@salon.com,Female,79.46.238.223
480,Wrennie,Kleinschmidt,wkleinschmidtdb@mysql.com,Genderfluid,67.64.109.28
481,Rodrique,Frost,rfrostdc@ycombinator.com,Polygender,117.157.80.61
482,Betteanne,Dallemore,bdallemoredd@mozilla.org,Genderfluid,139.47.176.123
483,Pebrook,Wilcock,pwilcockde@bravesites.com,Female,152.123.162.168
484,Nissa,Perrelle,nperrelledf@xrea.com,Genderfluid,89.194.147.203
485,Claude,Gurnett,cgurnettdg@army.mil,Genderfluid,224.128.39.34
486,Carena,Raggatt,craggattdh@google.ru,Non-binary,211.204.217.137
487,Siffre,Scrannage,sscrannagedi@friendfeed.com,Bigender,140.216.11.178
488,Georgetta,Gulland,ggullanddj@cmu.edu,Female,23.121.93.45
489,Husein,Brimman,hbrimmandk@domainmarket.com,Non-binary,23.59.34.177
490,Sigismondo,Houlridge,shoulridgedl@marketwatch.com,Male,108.97.218.160
491,Cliff,Blacklidge,cblacklidgedm@1688.com,Female,183.177.10.104
492,Rory,Titford,rtitforddn@psu.edu,Agender,84.129.73.140
493,Nadiya,Trangmar,ntrangmardo@umn.edu,Genderfluid,235.145.120.137
494,Levon,Iannazzi,liannazzidp@usda.gov,Female,26.10.137.229
495,Cristionna,Daunay,cdaunaydq@soundcloud.com,Genderfluid,231.103.49.235
496,Brooke,O'Grady,bogradydr@narod.ru,Bigender,174.128.24.90
497,Calley,Pauly,cpaulyds@whitehouse.gov,Female,212.136.113.82
498,Trixy,Yosevitz,tyosevitzdt@wired.com,Agender,141.177.253.81
499,Valentina,MacCrachen,vmaccrachendu@howstuffworks.com,Male,182.112.239.99
500,Ivor,Poynzer,ipoynzerdv@uiuc.edu,Female,131.30.187.120
501,Sheena,Neiland,sneilanddw@walmart.com,Genderqueer,148.1.208.146
502,Neill,McIlenna,nmcilennadx@cam.ac.uk,Non-binary,154.100.37.24
503,Clemmy,Jeppensen,cjeppensendy@economist.com,Agender,29.131.179.157
504,Mimi,Ilott,milottdz@usgs.gov,Female,101.197.183.108
505,Randie,Pattesall,rpattesalle0@zdnet.com,Genderfluid,146.221.99.225
506,Veronike,Bushrod,vbushrode1@storify.com,Bigender,205.169.35.242
507,Alfy,Dearle-Palser,adearlepalsere2@diigo.com,Bigender,29.114.66.37
508,Giles,Biggins,gbigginse3@shinystat.com,Genderfluid,78.95.246.245
509,Kathe,Attenbrough,kattenbroughe4@adobe.com,Male,165.252.65.76
510,Godard,Danilishin,gdanilishine5@cnn.com,Non-binary,54.73.198.131
511,Sydel,Stolberg,sstolberge6@vimeo.com,Female,10.197.140.95
512,Goldi,Fausch,gfausche7@cloudflare.com,Genderqueer,103.161.62.194
513,Kathrine,La Torre,klatorree8@tinyurl.com,Genderfluid,64.9.235.12
514,Lyssa,Warrener,lwarrenere9@wix.com,Genderfluid,206.61.52.164
515,Towney,De Bernardi,tdebernardiea@sourceforge.net,Genderqueer,118.205.62.110
516,Wheeler,Stonall,wstonalleb@google.com.br,Female,226.115.97.210
517,Howey,Benasik,hbenasikec@diigo.com,Genderfluid,106.50.88.161
518,Susan,Noyes,snoyesed@dyndns.org,Non-binary,123.170.172.219
519,Rowney,Bunting,rbuntingee@devhub.com,Agender,95.161.241.112
520,Roseanne,Calvert,rcalvertef@google.com.br,Non-binary,64.130.144.211
521,Frans,Thomasson,fthomassoneg@liveinternet.ru,Polygender,252.147.94.98
522,Belvia,Spittal,bspittaleh@bbb.org,Bigender,144.25.45.96
523,Beatrice,Meininger,bmeiningerei@google.ca,Polygender,10.188.106.211
524,Mata,Ness,mnessej@ucoz.com,Female,135.191.36.169
525,Edik,Merrison,emerrisonek@paginegialle.it,Polygender,26.72.145.147
526,Hewett,Lorens,hlorensel@shareasale.com,Genderfluid,163.55.14.112
527,Sheena,Heaselgrave,sheaselgraveem@imageshack.us,Agender,125.72.73.103
528,Vivianne,Hawson,vhawsonen@xrea.com,Polygender,42.210.230.112
529,Opaline,Semble,osembleeo@upenn.edu,Bigender,236.196.141.195
530,Engelbert,Matchett,ematchettep@narod.ru,Bigender,229.141.19.17
531,Rog,Boatwright,rboatwrighteq@ft.com,Bigender,48.51.185.134
532,Dasya,Fifoot,dfifooter@blogtalkradio.com,Female,202.245.247.178
533,Gavin,Hayto,ghaytoes@privacy.gov.au,Male,25.160.161.174
534,Randie,Gori,rgoriet@nps.gov,Male,211.252.64.197
535,Thornie,Piotrkowski,tpiotrkowskieu@cnet.com,Non-binary,255.152.64.251
536,Carri,Cowap,ccowapev@springer.com,Polygender,55.250.157.146
537,Chelsey,Coslett,ccoslettew@blogger.com,Bigender,113.222.14.27
538,Sophia,Drieu,sdrieuex@gmpg.org,Non-binary,55.209.155.78
539,Frazer,Bythway,fbythwayey@go.com,Agender,72.226.32.184
540,Lelia,Rankling,lranklingez@google.ca,Polygender,7.73.40.30
541,Sophie,Juggings,sjuggingsf0@usda.gov,Polygender,161.145.196.192
542,Lauree,Lunk,llunkf1@icio.us,Female,173.63.133.91
543,Martita,McPhelimy,mmcphelimyf2@parallels.com,Agender,123.45.209.143
544,Eolande,Farry,efarryf3@canalblog.com,Bigender,13.118.127.39
545,Archy,Dudin,adudinf4@nytimes.com,Polygender,14.8.177.204
546,Bar,Tolchard,btolchardf5@cafepress.com,Agender,34.18.194.116
547,Marcus,Mewrcik,mmewrcikf6@acquirethisname.com,Genderfluid,19.146.40.250
548,Edith,Yendall,eyendallf7@ycombinator.com,Non-binary,254.211.190.148
549,Marlena,Cromleholme,mcromleholmef8@seattletimes.com,Genderfluid,245.217.14.160
550,Jillayne,Peteri,jpeterif9@toplist.cz,Agender,152.244.219.96
551,Artemis,Zouch,azouchfa@dedecms.com,Genderqueer,172.180.195.236
552,Verile,Seczyk,vseczykfb@soundcloud.com,Genderqueer,181.248.180.166
553,Feodora,Bindon,fbindonfc@ifeng.com,Female,138.15.0.162
554,Haydon,Northage,hnorthagefd@disqus.com,Bigender,135.60.237.5
555,Elane,Stanistrete,estanistretefe@go.com,Female,179.183.127.133
556,Torrence,Izkovici,tizkoviciff@hostgator.com,Bigender,98.122.155.176
557,Marji,Schultze,mschultzefg@globo.com,Genderfluid,104.70.115.81
558,Manon,Ferruzzi,mferruzzifh@webmd.com,Male,78.192.82.245
559,Nelli,Redfern,nredfernfi@aboutads.info,Genderqueer,93.27.146.78
560,Wittie,Plak,wplakfj@sogou.com,Bigender,169.75.107.247
561,Derrick,Burchess,dburchessfk@eepurl.com,Agender,77.24.85.14
562,Padraic,Thieme,pthiemefl@imdb.com,Genderfluid,207.115.155.160
563,Birdie,Jeanon,bjeanonfm@mac.com,Male,228.44.116.166
564,Doloritas,Scobbie,dscobbiefn@t.co,Agender,119.194.245.92
565,Melosa,Hoonahan,mhoonahanfo@washington.edu,Female,42.163.218.138
566,Desi,Duns,ddunsfp@list-manage.com,Genderfluid,131.202.205.71
567,Marv,Borrie,mborriefq@plala.or.jp,Non-binary,219.170.50.175
568,Janetta,Deverale,jdeveralefr@webs.com,Genderqueer,203.14.47.221
569,Katey,Mariel,kmarielfs@jimdo.com,Non-binary,158.255.96.208
570,Der,Saville,dsavilleft@opera.com,Agender,2.124.88.129
571,Haven,Kunrad,hkunradfu@mayoclinic.com,Polygender,227.180.255.74
572,Trefor,Hedgeman,thedgemanfv@tuttocitta.it,Bigender,136.92.11.250
573,Wanids,Soppit,wsoppitfw@techcrunch.com,Polygender,250.156.37.122
574,Ardisj,Janoschek,ajanoschekfx@mtv.com,Genderfluid,240.213.94.35
575,Darice,Hurley,dhurleyfy@tinyurl.com,Bigender,49.78.64.212
576,Jackelyn,Brighouse,jbrighousefz@qq.com,Female,28.131.213.11
577,Arny,Rout,aroutg0@netlog.com,Polygender,75.88.13.175
578,Kaila,Bengtsson,kbengtssong1@gnu.org,Polygender,120.132.43.69
579,Abran,Ringwood,aringwoodg2@phpbb.com,Genderqueer,224.106.127.49
580,Hugo,Dimmer,hdimmerg3@csmonitor.com,Non-binary,131.106.126.117
581,Kara-lynn,Vassbender,kvassbenderg4@mozilla.com,Bigender,26.242.196.162
582,Natasha,Southern,nsoutherng5@ucsd.edu,Agender,212.92.236.213
583,Wilmar,Morch,wmorchg6@webs.com,Genderqueer,6.57.48.238
584,Noami,Jansen,njanseng7@example.com,Genderfluid,136.45.247.142
585,Carrol,Copplestone,ccopplestoneg8@newsvine.com,Agender,94.47.150.21
586,Legra,Darbishire,ldarbishireg9@economist.com,Male,229.121.96.125
587,Hieronymus,Bridden,hbriddenga@cornell.edu,Female,26.238.101.137
588,Ermin,Costen,ecostengb@vk.com,Female,174.245.72.121
589,Anatollo,Vedstra,avedstragc@about.me,Genderqueer,187.195.89.252
590,Shalom,Di Baudi,sdibaudigd@hhs.gov,Polygender,108.145.29.184
591,Janaye,Ivakhin,jivakhinge@nasa.gov,Genderqueer,105.5.169.9
592,Sibel,Coggeshall,scoggeshallgf@skyrock.com,Bigender,205.182.222.133
593,Trstram,Frankel,tfrankelgg@simplemachines.org,Non-binary,211.14.224.119
594,Ania,Tilby,atilbygh@linkedin.com,Genderqueer,182.167.2.193
595,Jonell,Brabban,jbrabbangi@gravatar.com,Agender,234.85.173.72
596,Dulcia,Ruggier,druggiergj@ucoz.ru,Polygender,36.244.112.248
597,Hakim,Beningfield,hbeningfieldgk@yahoo.co.jp,Genderfluid,23.90.204.190
598,Ophelie,Breagan,obreagangl@sohu.com,Female,64.24.39.236
599,Waylin,Ceillier,wceilliergm@chron.com,Male,93.0.44.198
600,Kristopher,Scolland,kscollandgn@photobucket.com,Agender,235.153.41.16
601,Munmro,Linskey,mlinskeygo@hostgator.com,Genderqueer,14.37.92.88
602,Valentine,Brill,vbrillgp@posterous.com,Polygender,86.110.54.125
603,Anastasie,Ramsbotham,aramsbothamgq@wunderground.com,Agender,35.107.205.14
604,Maisey,Owtram,mowtramgr@naver.com,Bigender,254.199.62.212
605,Chad,Negri,cnegrigs@cam.ac.uk,Bigender,57.246.41.98
606,Drusie,Girvan,dgirvangt@aol.com,Genderfluid,251.217.151.12
607,Ethel,Iltchev,eiltchevgu@fc2.com,Non-binary,76.229.31.181
608,Wally,Hearnes,whearnesgv@techcrunch.com,Genderfluid,132.106.158.19
609,Zitella,Ferrige,zferrigegw@ifeng.com,Bigender,201.3.175.109
610,Tobiah,Leathard,tleathardgx@i2i.jp,Polygender,32.86.143.186
611,Romain,Linggood,rlinggoodgy@wsj.com,Agender,41.243.196.60
612,Kynthia,Geroldo,kgeroldogz@seesaa.net,Female,254.148.78.152
613,Jacki,Scrowson,jscrowsonh0@imdb.com,Genderfluid,9.42.169.61
614,Dame,Dineen,ddineenh1@wikimedia.org,Genderqueer,209.104.219.234
615,Hurlee,Orchard,horchardh2@cyberchimps.com,Bigender,194.29.231.28
616,Carmella,Beviss,cbevissh3@sourceforge.net,Agender,236.48.131.240
617,Nessy,Kenryd,nkenrydh4@seesaa.net,Female,30.21.123.205
618,Kelcey,Callf,kcallfh5@rakuten.co.jp,Female,37.149.178.118
619,Chancey,Cabral,ccabralh6@skyrock.com,Male,89.58.9.12
620,Emiline,Petrello,epetrelloh7@xinhuanet.com,Bigender,63.147.34.255
621,Monika,Feeley,mfeeleyh8@1688.com,Non-binary,142.225.78.193
622,Bobbi,Umfrey,bumfreyh9@gizmodo.com,Female,135.202.197.217
623,Dolli,Dendle,ddendleha@jiathis.com,Polygender,201.32.84.12
624,Birgit,Millott,bmillotthb@thetimes.co.uk,Bigender,149.238.122.31
625,Nerte,Welldrake,nwelldrakehc@shareasale.com,Agender,11.6.13.202
626,Dione,Houdhury,dhoudhuryhd@howstuffworks.com,Genderqueer,228.110.220.173
627,Charmain,Brach,cbrachhe@barnesandnoble.com,Genderfluid,15.194.162.97
628,Bendick,Faucett,bfaucetthf@slate.com,Genderqueer,229.196.243.120
629,Gerrard,Planque,gplanquehg@house.gov,Male,90.143.108.233
630,Catarina,Sill,csillhh@ifeng.com,Polygender,67.84.79.142
631,Jordon,Lapworth,jlapworthhi@google.it,Bigender,172.166.183.170
632,Humfrey,Winspare,hwinsparehj@census.gov,Polygender,73.24.118.116
633,Maurice,Albrook,malbrookhk@uol.com.br,Genderqueer,59.124.23.185
634,Milicent,Binge,mbingehl@slate.com,Polygender,114.93.194.228
635,Abran,Robjents,arobjentshm@nasa.gov,Non-binary,238.44.184.15
636,Kathryne,Danell,kdanellhn@gov.uk,Polygender,49.105.90.65
637,Selena,Aves,savesho@hubpages.com,Genderfluid,130.198.77.112
638,Delia,Dolle,ddollehp@yandex.ru,Genderfluid,200.145.44.211
639,Artemus,Pestridge,apestridgehq@networkadvertising.org,Genderfluid,158.201.247.154
640,Luz,Averies,laverieshr@squidoo.com,Non-binary,163.191.220.62
641,Seamus,Manger,smangerhs@webs.com,Agender,189.161.211.13
642,Ignatius,Bascombe,ibascombeht@cbslocal.com,Genderqueer,176.225.138.108
643,Reinaldo,Bescoby,rbescobyhu@microsoft.com,Bigender,238.82.117.98
644,Gregoor,Hoy,ghoyhv@utexas.edu,Agender,241.160.81.13
645,Jinny,Burtwistle,jburtwistlehw@cyberchimps.com,Polygender,72.144.190.4
646,Rakel,Casiero,rcasierohx@cnn.com,Male,158.27.102.79
647,Chandler,Edgeler,cedgelerhy@edublogs.org,Male,154.145.194.229
648,Marketa,Emanuele,memanuelehz@umn.edu,Bigender,65.48.52.240
649,Olia,Smead,osmeadi0@newsvine.com,Female,214.97.165.134
650,Ichabod,Slograve,islogravei1@last.fm,Male,194.138.57.186
651,Alphard,Abbot,aabboti2@mac.com,Non-binary,80.151.150.79
652,Gertrude,Dumblton,gdumbltoni3@tmall.com,Agender,76.169.156.193
653,Grant,Muncer,gmunceri4@newyorker.com,Female,230.63.74.21
654,Luis,Dael,ldaeli5@alibaba.com,Bigender,241.44.227.248
655,Jervis,Spurrier,jspurrieri6@trellian.com,Polygender,216.72.60.20
656,Hedwig,Auguste,haugustei7@pen.io,Genderfluid,154.18.222.152
657,Burr,Cutting,bcuttingi8@mlb.com,Genderfluid,90.93.156.150
658,Cary,Neil,cneili9@hhs.gov,Non-binary,1.222.235.86
659,Abbe,Callington,acallingtonia@blogger.com,Agender,239.244.151.48
660,Andrew,Karczinski,akarczinskiib@ibm.com,Genderqueer,52.207.221.112
661,Brigitta,Jagels,bjagelsic@google.de,Agender,124.252.183.118
662,Moore,Fern,mfernid@youku.com,Male,116.62.134.6
663,Dominic,McIndrew,dmcindrewie@posterous.com,Genderqueer,252.244.210.72
664,Even,Dymoke,edymokeif@people.com.cn,Agender,157.223.126.232
665,Vinni,Beedom,vbeedomig@berkeley.edu,Non-binary,123.218.108.41
666,Conway,Giraudo,cgiraudoih@people.com.cn,Genderfluid,126.58.221.190
667,Rozele,Lansley,rlansleyii@va.gov,Female,204.166.40.242
668,Salaidh,Moscon,smosconij@sun.com,Agender,134.181.39.95
669,Sydney,Rosario,srosarioik@indiatimes.com,Male,17.252.152.115
670,Gerrard,Copland,gcoplandil@godaddy.com,Polygender,193.41.232.120
671,Roseline,Carnie,rcarnieim@multiply.com,Bigender,16.204.219.78
672,Lockwood,Brumfield,lbrumfieldin@vimeo.com,Male,150.134.202.27
673,Patrizius,Belcham,pbelchamio@geocities.com,Non-binary,1.254.173.14
674,Shoshanna,Hathaway,shathawayip@amazon.co.jp,Agender,201.178.2.229
675,Xenos,Digweed,xdigweediq@histats.com,Bigender,242.151.109.233
676,Vinny,Branchflower,vbranchflowerir@europa.eu,Male,220.109.56.125
677,Pauly,Fitzsymon,pfitzsymonis@quantcast.com,Polygender,104.102.131.158
678,Maye,Dugan,mduganit@nifty.com,Non-binary,20.94.187.208
679,Cookie,Skeeles,cskeelesiu@fc2.com,Female,192.142.129.252
680,Benedicta,Lerner,blerneriv@go.com,Bigender,203.146.54.5
681,Del,Enders,dendersiw@cam.ac.uk,Polygender,19.66.27.33
682,Hobie,Snarie,hsnarieix@bigcartel.com,Female,170.146.8.226
683,Randy,Strangeway,rstrangewayiy@reference.com,Male,151.213.167.3
684,Baxter,Troth,btrothiz@seattletimes.com,Female,129.71.2.86
685,Mordecai,Czajka,mczajkaj0@sitemeter.com,Non-binary,249.30.237.60
686,Kerry,Diament,kdiamentj1@studiopress.com,Genderfluid,237.229.163.193
687,Elka,Bosward,eboswardj2@last.fm,Non-binary,217.51.249.251
688,Elfreda,O'Sheeryne,eosheerynej3@abc.net.au,Agender,130.233.44.165
689,Kordula,Rengger,krenggerj4@shareasale.com,Non-binary,134.225.7.108
690,Danila,Owbridge,dowbridgej5@china.com.cn,Agender,147.66.79.149
691,Kendricks,Guinane,kguinanej6@dagondesign.com,Agender,52.2.67.76
692,Theressa,Adshed,tadshedj7@fda.gov,Polygender,46.27.61.174
693,Darn,McGragh,dmcgraghj8@e-recht24.de,Bigender,142.79.191.109
694,Fidelity,Jugging,fjuggingj9@cmu.edu,Female,170.116.57.213
695,Talbert,Curry,tcurryja@deliciousdays.com,Agender,144.187.131.79
696,Olly,Kunc,okuncjb@cargocollective.com,Agender,135.176.158.31
697,Emerson,Duffit,eduffitjc@uol.com.br,Non-binary,119.97.103.144
698,Sukey,Ellse,sellsejd@latimes.com,Bigender,241.27.21.190
699,Audie,Mayoral,amayoralje@icq.com,Agender,52.233.86.188
700,Ade,Feaveer,afeaveerjf@vkontakte.ru,Female,100.26.140.110
701,Andra,McCullough,amcculloughjg@omniture.com,Male,215.250.87.153
702,Terrance,Vizor,tvizorjh@wired.com,Bigender,3.108.107.86
703,Regina,MacKimm,rmackimmji@symantec.com,Non-binary,214.76.166.38
704,Oralee,Flatte,oflattejj@blogger.com,Female,128.223.40.69
705,Malissa,Zecchinii,mzecchiniijk@irs.gov,Female,85.3.165.67
706,Wanids,Petcher,wpetcherjl@yale.edu,Polygender,119.58.222.113
707,Laurella,Scardifield,lscardifieldjm@surveymonkey.com,Non-binary,246.161.228.201
708,Stephenie,Crimes,scrimesjn@nba.com,Non-binary,126.231.245.86
709,Ced,Shiliton,cshilitonjo@squidoo.com,Bigender,231.17.249.201
710,Lucy,Foyster,lfoysterjp@springer.com,Female,113.22.2.170
711,Maryjo,Scarlin,mscarlinjq@ustream.tv,Bigender,109.128.179.122
712,Laural,Habergham,lhaberghamjr@odnoklassniki.ru,Agender,30.111.11.47
713,Elvera,Palfrey,epalfreyjs@ibm.com,Polygender,2.130.116.125
714,Tanhya,Lensch,tlenschjt@mozilla.com,Genderfluid,151.56.5.211
715,Alexei,Klimmek,aklimmekju@vinaora.com,Genderfluid,52.8.112.200
716,Marmaduke,Boken,mbokenjv@webmd.com,Agender,156.100.174.65
717,Xylina,Zelner,xzelnerjw@ibm.com,Agender,41.79.159.144
718,Dun,Launchbury,dlaunchburyjx@ustream.tv,Genderfluid,85.80.15.220
719,Eddi,Wait,ewaitjy@biblegateway.com,Genderfluid,173.97.16.231
720,Salomo,Thorald,sthoraldjz@sohu.com,Genderfluid,107.110.194.178
721,Shirley,Tweddle,stweddlek0@tripod.com,Female,90.171.144.75
722,Conrado,Angrave,cangravek1@stanford.edu,Polygender,111.216.95.149
723,Sigfried,Darleston,sdarlestonk2@creativecommons.org,Genderfluid,123.216.36.241
724,Laura,Labitt,llabittk3@marketwatch.com,Bigender,160.103.100.51
725,Francisco,Maddyson,fmaddysonk4@nyu.edu,Male,132.208.125.254
726,Corbie,Manuele,cmanuelek5@naver.com,Agender,103.127.199.26
727,Caz,Keelan,ckeelank6@fc2.com,Bigender,195.227.225.45
728,Odessa,Shenfisch,oshenfischk7@netlog.com,Genderfluid,169.122.33.206
729,Oralia,Peche,opechek8@godaddy.com,Non-binary,0.64.39.109
730,Nicole,Absolom,nabsolomk9@naver.com,Male,71.74.4.163
731,Claudina,Kinghorne,ckinghorneka@spotify.com,Female,223.126.196.164
732,Carly,Pooke,cpookekb@wordpress.com,Genderfluid,175.85.248.210
733,Manny,Earey,meareykc@cafepress.com,Agender,63.78.230.113
734,Roley,Calderhead,rcalderheadkd@soup.io,Agender,129.142.254.78
735,Lucho,Wherry,lwherryke@cnn.com,Male,21.70.121.15
736,Vikki,Berkery,vberkerykf@baidu.com,Female,96.43.107.101
737,Dyann,Bendtsen,dbendtsenkg@desdev.cn,Male,68.29.70.113
738,Filip,Jancy,fjancykh@bravesites.com,Bigender,80.31.12.125
739,Marjorie,Snowden,msnowdenki@techcrunch.com,Bigender,53.189.28.71
740,Lucias,Curphey,lcurpheykj@sogou.com,Female,194.31.204.134
741,Starr,Bearcock,sbearcockkk@redcross.org,Genderqueer,113.208.225.188
742,Kenon,Enriques,kenriqueskl@yolasite.com,Genderfluid,86.251.58.123
743,Coleman,Iacovacci,ciacovaccikm@google.com.au,Male,48.252.121.97
744,Brinna,Schrei,bschreikn@booking.com,Male,202.183.219.57
745,Hartwell,Colbourn,hcolbournko@vimeo.com,Polygender,212.117.151.54
746,Winny,Oertzen,woertzenkp@theatlantic.com,Non-binary,156.222.255.224
747,Adler,Battershall,abattershallkq@mediafire.com,Female,143.188.128.101
748,Hyacinthia,Sneath,hsneathkr@nsw.gov.au,Polygender,84.61.123.205
749,Flint,Townend,ftownendks@barnesandnoble.com,Polygender,133.27.121.46
750,Isac,Antognazzi,iantognazzikt@yahoo.co.jp,Genderqueer,78.240.64.186
751,Teodora,Turner,tturnerku@digg.com,Bigender,110.249.125.142
752,Cristie,Corre,ccorrekv@wordpress.org,Non-binary,196.32.229.237
753,Wyatt,Dohms,wdohmskw@slashdot.org,Male,51.148.39.100
754,Howie,Longley,hlongleykx@illinois.edu,Male,195.117.247.61
755,Jo-ann,Ohrt,johrtky@prlog.org,Bigender,88.59.34.81
756,Carry,Renshall,crenshallkz@pen.io,Non-binary,163.11.30.172
757,Dennet,Pascow,dpascowl0@bandcamp.com,Non-binary,167.177.185.28
758,Jess,Girvin,jgirvinl1@forbes.com,Female,143.54.238.34
759,Fancy,Fedoronko,ffedoronkol2@opera.com,Polygender,44.25.202.53
760,Verge,Kilban,vkilbanl3@ebay.com,Genderfluid,51.212.116.191
761,Gussi,Normington,gnormingtonl4@1und1.de,Non-binary,80.74.48.227
762,Ainslie,Stollen,astollenl5@sfgate.com,Agender,103.244.163.82
763,Carolina,Washington,cwashingtonl6@youtu.be,Bigender,90.248.192.128
764,Dilan,Van Halen,dvanhalenl7@pcworld.com,Polygender,176.42.61.199
765,Devin,Freddi,dfreddil8@jimdo.com,Genderqueer,92.42.95.238
766,Ada,O'Teague,aoteaguel9@artisteer.com,Female,20.48.29.195
767,Howey,Sneesbie,hsneesbiela@angelfire.com,Bigender,202.39.132.38
768,Arny,Tinmouth,atinmouthlb@surveymonkey.com,Polygender,251.155.202.100
769,Hetti,Atley,hatleylc@marketwatch.com,Male,97.191.58.120
770,Rupert,Brando,rbrandold@deviantart.com,Agender,143.180.53.38
771,Hayley,McCoy,hmccoyle@miitbeian.gov.cn,Female,64.148.219.159
772,Farr,Praundlin,fpraundlinlf@businessweek.com,Bigender,109.137.144.254
773,Antonino,Heady,aheadylg@tinyurl.com,Male,233.64.57.81
774,Conrade,Bauduin,cbauduinlh@uiuc.edu,Bigender,7.17.63.103
775,Cyndie,Fullilove,cfulliloveli@google.de,Female,188.149.212.178
776,Myra,Kalvin,mkalvinlj@parallels.com,Bigender,171.105.87.149
777,Sydel,Kerby,skerbylk@cpanel.net,Genderqueer,80.202.128.133
778,Shalne,Gronous,sgronousll@ft.com,Bigender,49.217.103.144
779,Danni,Jaffa,djaffalm@arstechnica.com,Polygender,151.90.8.252
780,Noel,Jostan,njostanln@ox.ac.uk,Genderqueer,1.89.33.214
781,Gavan,Purkess,gpurkesslo@storify.com,Genderqueer,245.134.123.18
782,Sherwood,Skill,sskilllp@youtube.com,Agender,46.248.114.2
783,Keenan,Suller,ksullerlq@elegantthemes.com,Male,21.167.180.182
784,Shayla,O'Shevlan,soshevlanlr@wikimedia.org,Non-binary,48.12.159.49
785,Prent,Keysall,pkeysallls@prnewswire.com,Female,133.112.73.215
786,Spencer,Manhood,smanhoodlt@cbsnews.com,Genderqueer,42.50.217.109
787,Dmitri,Prene,dprenelu@pcworld.com,Genderfluid,101.3.149.236
788,Annette,Keefe,akeefelv@craigslist.org,Non-binary,202.212.23.122
789,Bert,Claydon,bclaydonlw@oakley.com,Non-binary,172.125.225.0
790,Shelden,Baggally,sbaggallylx@webnode.com,Bigender,135.157.106.163
791,Rici,Cotterrill,rcotterrillly@sitemeter.com,Genderfluid,75.141.240.6
792,Lib,Ruggles,lruggleslz@marketwatch.com,Polygender,211.136.19.30
793,Lynnea,Clingoe,lclingoem0@blogtalkradio.com,Non-binary,178.2.149.84
794,Phineas,Tunaclift,ptunacliftm1@t-online.de,Agender,42.119.131.228
795,Cole,Caitlin,ccaitlinm2@house.gov,Bigender,252.218.86.141
796,Filippa,Kermath,fkermathm3@google.co.jp,Polygender,224.11.115.126
797,Karol,Herion,kherionm4@xinhuanet.com,Bigender,249.43.249.156
798,Jenine,Izhakov,jizhakovm5@facebook.com,Agender,78.129.243.191
799,Cherise,Petrollo,cpetrollom6@123-reg.co.uk,Genderfluid,46.36.81.24
800,Natala,Haythorne,nhaythornem7@typepad.com,Bigender,238.15.45.17
801,Arleta,Mowsley,amowsleym8@toplist.cz,Genderqueer,72.130.146.225
802,Yancey,Comiskey,ycomiskeym9@prweb.com,Genderfluid,152.144.140.112
803,Olly,Shucksmith,oshucksmithma@webmd.com,Genderfluid,48.52.171.147
804,Enrichetta,Munnis,emunnismb@flavors.me,Agender,105.128.96.115
805,Karlis,Glaisner,kglaisnermc@cornell.edu,Genderqueer,156.24.130.249
806,Harmony,Birkbeck,hbirkbeckmd@4shared.com,Male,213.227.193.111
807,Morna,Gauford,mgaufordme@intel.com,Genderfluid,185.113.9.64
808,Fin,Guppey,fguppeymf@bizjournals.com,Genderqueer,3.143.124.146
809,Roth,Wycliff,rwycliffmg@europa.eu,Polygender,113.150.247.45
810,Tracie,Acklands,tacklandsmh@jugem.jp,Male,74.109.104.78
811,Melody,Soff,msoffmi@bloglines.com,Agender,148.184.139.151
812,Amandie,Gold,agoldmj@examiner.com,Genderfluid,189.44.44.18
813,Joaquin,Eberts,jebertsmk@nih.gov,Male,233.173.19.95
814,Hayden,Kilford,hkilfordml@github.io,Genderqueer,159.20.19.230
815,Stacee,Ferdinand,sferdinandmm@dailymotion.com,Female,176.248.108.240
816,Gerek,Hitcham,ghitchammn@livejournal.com,Genderqueer,243.211.52.3
817,Angelo,Tytcomb,atytcombmo@feedburner.com,Polygender,206.134.37.235
818,Edward,Shory,eshorymp@oaic.gov.au,Non-binary,34.94.238.228
819,Ralph,De Mitri,rdemitrimq@taobao.com,Agender,103.237.65.183
820,Land,Gosland,lgoslandmr@nydailynews.com,Male,34.68.101.73
821,Ella,Leckey,eleckeyms@pagesperso-orange.fr,Genderqueer,143.227.187.233
822,Lara,Vincent,lvincentmt@nationalgeographic.com,Female,49.129.70.53
823,Ernestus,Cogan,ecoganmu@hp.com,Genderqueer,46.95.42.171
824,Mickie,Dumbar,mdumbarmv@youtu.be,Genderqueer,29.213.92.153
825,Darya,Goullee,dgoulleemw@illinois.edu,Genderqueer,219.201.50.7
826,Nolana,Devoy,ndevoymx@freewebs.com,Polygender,46.59.48.226
827,Lannie,Crates,lcratesmy@biblegateway.com,Agender,92.15.63.118
828,Lorraine,Jeenes,ljeenesmz@spotify.com,Genderqueer,53.9.219.122
829,Connie,Douch,cdouchn0@apple.com,Non-binary,186.202.40.169
830,Becky,O'Sculley,bosculleyn1@oracle.com,Male,215.194.28.121
831,Roderich,Culpan,rculpann2@hubpages.com,Polygender,136.13.37.56
832,Ogden,Daspar,odasparn3@paypal.com,Bigender,181.234.83.34
833,Cissy,Avrahm,cavrahmn4@businessweek.com,Non-binary,254.225.159.30
834,Kati,MacTrusty,kmactrustyn5@dailymotion.com,Polygender,175.50.101.86
835,Carlin,Pallis,cpallisn6@slashdot.org,Male,201.176.76.222
836,Etty,Gaye,egayen7@hud.gov,Male,133.71.208.45
837,Ralf,Stimpson,rstimpsonn8@over-blog.com,Female,188.103.169.155
838,Ketty,Mingame,kmingamen9@jalbum.net,Male,118.107.157.202
839,Gordan,Elnaugh,gelnaughna@posterous.com,Female,165.10.96.42
840,Chantal,Alfonso,calfonsonb@tuttocitta.it,Female,228.179.20.88
841,Laurice,Dulen,ldulennc@facebook.com,Non-binary,21.172.86.166
842,Rhody,Fancott,rfancottnd@google.com.br,Genderfluid,125.248.237.237
843,Ivory,Jones,ijonesne@studiopress.com,Genderfluid,77.169.94.152
844,Ernestus,Siemon,esiemonnf@mail.ru,Polygender,105.214.210.181
845,Bobbi,Olle,bolleng@tinyurl.com,Male,145.12.60.145
846,Britni,Husthwaite,bhusthwaitenh@oaic.gov.au,Genderqueer,196.185.100.189
847,Bartholomeus,Brodie,bbrodieni@nifty.com,Genderqueer,5.111.160.76
848,Nerte,Oldacres,noldacresnj@miibeian.gov.cn,Polygender,139.23.177.240
849,Marabel,Chell,mchellnk@nba.com,Male,132.40.231.126
850,Bernete,Loyley,bloyleynl@nps.gov,Female,205.47.83.75
851,Maxie,Pennazzi,mpennazzinm@blogger.com,Polygender,152.86.107.249
852,Elka,Bilam,ebilamnn@trellian.com,Male,21.220.249.164
853,Judy,Lacelett,jlacelettno@bluehost.com,Genderfluid,39.101.228.111
854,Becky,Quinell,bquinellnp@reverbnation.com,Polygender,49.45.214.179
855,Peria,Biers,pbiersnq@etsy.com,Genderqueer,40.63.210.185
856,Teodor,Forge,tforgenr@pinterest.com,Bigender,150.161.187.237
857,Corinna,Janus,cjanusns@amazon.com,Genderqueer,47.255.88.137
858,Aurora,Trevear,atrevearnt@vimeo.com,Female,101.3.239.124
859,Rianon,Levison,rlevisonnu@1688.com,Male,58.13.2.223
860,Mac,Buller,mbullernv@ow.ly,Genderfluid,46.58.138.242
861,Rica,Filpo,rfilponw@jigsy.com,Bigender,191.166.112.97
862,Debbie,Crose,dcrosenx@xinhuanet.com,Agender,56.42.160.182
863,Hasty,Nozzolinii,hnozzoliniiny@hatena.ne.jp,Non-binary,194.205.95.96
864,Glendon,Knewstubb,gknewstubbnz@i2i.jp,Female,95.66.173.194
865,Rutter,Crisp,rcrispo0@slate.com,Genderfluid,60.208.86.190
866,Leonard,Khoter,lkhotero1@who.int,Female,177.163.91.81
867,Tanya,Smallpiece,tsmallpieceo2@reuters.com,Female,76.247.37.111
868,Malvin,Beaman,mbeamano3@edublogs.org,Genderqueer,79.152.142.196
869,Terrye,Bason,tbasono4@cafepress.com,Polygender,36.160.226.73
870,Tad,Vallender,tvallendero5@mozilla.org,Agender,63.18.90.164
871,Bertha,Desporte,bdesporteo6@google.es,Bigender,208.85.217.176
872,Blanca,Yockley,byockleyo7@sciencedirect.com,Genderfluid,94.193.180.15
873,Nye,Speaks,nspeakso8@domainmarket.com,Bigender,90.226.11.134
874,Tommy,Seymour,tseymouro9@friendfeed.com,Agender,175.183.213.109
875,Noach,Reinbeck,nreinbeckoa@state.gov,Non-binary,86.73.34.27
876,Blondelle,Heiss,bheissob@berkeley.edu,Female,142.228.227.88
877,Fannie,Swalwel,fswalweloc@goodreads.com,Polygender,57.44.58.79
878,Tanhya,Sisson,tsissonod@whitehouse.gov,Polygender,4.191.120.52
879,Wait,Crannis,wcrannisoe@mayoclinic.com,Genderqueer,201.211.229.113
880,Lari,Edgler,ledglerof@cdbaby.com,Non-binary,74.10.77.116
881,Gordan,Huffa,ghuffaog@technorati.com,Bigender,146.249.189.9
882,Bevon,Pitkin,bpitkinoh@macromedia.com,Male,64.128.89.219
883,Jarid,Redford,jredfordoi@tiny.cc,Female,95.108.97.206
884,Leonie,Donnell,ldonnelloj@dmoz.org,Female,84.15.199.71
885,Andriette,Greenhouse,agreenhouseok@geocities.com,Genderfluid,74.215.183.232
886,Aldric,Darree,adarreeol@pcworld.com,Polygender,61.172.152.134
887,Penelope,McGriele,pmcgrieleom@tumblr.com,Agender,122.155.98.164
888,Mychal,Dearnly,mdearnlyon@uiuc.edu,Polygender,155.28.98.193
889,Kelley,Scotts,kscottsoo@weather.com,Female,120.13.202.226
890,Kale,Boddice,kboddiceop@fema.gov,Bigender,60.89.37.84
891,Chastity,Ferrieres,cferrieresoq@geocities.jp,Male,140.182.82.197
892,Nara,Ascough,nascoughor@facebook.com,Genderqueer,196.5.92.115
893,Laraine,Jenkison,ljenkisonos@free.fr,Agender,188.79.94.183
894,Lothaire,D'Emanuele,ldemanueleot@who.int,Non-binary,208.192.144.54
895,Ruttger,Enrico,renricoou@ucsd.edu,Polygender,184.204.105.88
896,Bria,Seabrocke,bseabrockeov@usatoday.com,Polygender,248.138.134.209
897,Weider,Cawker,wcawkerow@phpbb.com,Non-binary,53.217.250.88
898,Malinde,Cuesta,mcuestaox@ca.gov,Genderqueer,38.20.144.238
899,Nikolia,Crewe,ncreweoy@sitemeter.com,Genderqueer,42.160.126.217
900,Georgena,Dowtry,gdowtryoz@ted.com,Agender,131.118.151.197
901,Christine,Herche,cherchep0@sina.com.cn,Polygender,127.80.247.153
902,Amelina,Golby,agolbyp1@bigcartel.com,Genderqueer,22.212.250.70
903,Vick,Tottman,vtottmanp2@liveinternet.ru,Agender,55.98.85.153
904,Anatole,Butchart,abutchartp3@ask.com,Male,213.62.69.252
905,Shantee,Allingham,sallinghamp4@storify.com,Bigender,5.236.120.10
906,Adams,Spilisy,aspilisyp5@sakura.ne.jp,Female,25.233.63.142
907,Willard,Dwyr,wdwyrp6@wunderground.com,Genderfluid,236.52.50.131
908,Pooh,Edens,pedensp7@lycos.com,Genderfluid,172.156.238.84
909,Meridith,Adamovitch,madamovitchp8@hexun.com,Genderfluid,184.156.87.79
910,Cameron,Luffman,cluffmanp9@imgur.com,Non-binary,65.97.220.65
911,Talbert,Gomez,tgomezpa@dyndns.org,Female,222.81.139.51
912,Francisca,Filkin,ffilkinpb@ifeng.com,Bigender,138.223.3.175
913,Brannon,Martlew,bmartlewpc@ftc.gov,Bigender,62.243.98.251
914,Monti,Masdon,mmasdonpd@spiegel.de,Agender,202.64.140.217
915,Maisie,Morrell,mmorrellpe@opera.com,Male,218.238.1.108
916,Jonell,Clappison,jclappisonpf@elegantthemes.com,Female,130.9.81.36
917,Angeline,Loughren,aloughrenpg@smh.com.au,Genderqueer,195.61.41.123
918,Doralin,Sans,dsansph@google.com.br,Polygender,255.210.244.54
919,Bonny,Tombleson,btomblesonpi@yahoo.co.jp,Polygender,64.242.176.37
920,Vania,McElane,vmcelanepj@lycos.com,Polygender,137.164.91.39
921,Glenna,Roselli,grosellipk@homestead.com,Agender,222.253.0.242
922,Ondrea,Karus,okaruspl@angelfire.com,Non-binary,244.128.35.14
923,Sal,Gaymar,sgaymarpm@stumbleupon.com,Agender,187.189.112.230
924,Johnathon,Barthrop,jbarthroppn@hp.com,Agender,1.3.113.227
925,Lee,Blackett,lblackettpo@netvibes.com,Agender,93.99.13.57
926,Sissie,Bettison,sbettisonpp@cdbaby.com,Bigender,45.33.138.210
927,Caryn,Vernalls,cvernallspq@wikipedia.org,Polygender,139.144.74.244
928,Jeth,Wolfinger,jwolfingerpr@who.int,Agender,248.76.229.146
929,Giorgia,Bote,gboteps@nymag.com,Female,50.247.212.37
930,Wendeline,Panyer,wpanyerpt@miibeian.gov.cn,Polygender,51.181.114.133
931,Cherise,Blaisdale,cblaisdalepu@cbslocal.com,Agender,23.13.208.69
932,Lucy,Breeze,lbreezepv@a8.net,Genderfluid,245.234.39.121
933,Emmeline,Tarborn,etarbornpw@live.com,Female,102.72.60.251
934,Corena,Kuller,ckullerpx@marriott.com,Agender,137.179.127.65
935,Jeanna,O'Noland,jonolandpy@surveymonkey.com,Genderqueer,245.91.30.212
936,Beverlie,Quincee,bquinceepz@cocolog-nifty.com,Female,105.152.54.216
937,Nicola,Killingbeck,nkillingbeckq0@answers.com,Non-binary,211.97.12.4
938,Anson,Lawly,alawlyq1@prnewswire.com,Genderqueer,197.225.249.183
939,Jessalin,Grenshields,jgrenshieldsq2@who.int,Genderqueer,218.131.135.130
940,Diena,Vanyarkin,dvanyarkinq3@springer.com,Male,83.121.125.35
941,Napoleon,McCaughan,nmccaughanq4@soundcloud.com,Polygender,9.156.52.103
942,Ailis,Tring,atringq5@paginegialle.it,Non-binary,176.198.112.86
943,Ty,Albisser,talbisserq6@ocn.ne.jp,Male,179.31.176.161
944,Sophi,Curson,scursonq7@fotki.com,Female,51.76.206.111
945,Cariotta,Raecroft,craecroftq8@vkontakte.ru,Female,136.162.241.144
946,Em,Vise,eviseq9@about.com,Agender,215.5.242.26
947,Udale,Krelle,ukrelleqa@jigsy.com,Non-binary,39.41.13.44
948,Joli,Islip,jislipqb@unblog.fr,Polygender,73.80.48.242
949,Veronika,Roos,vroosqc@facebook.com,Genderqueer,162.131.101.109
950,Merilyn,Ferrieroi,mferrieroiqd@yellowpages.com,Genderqueer,67.240.168.81
951,Caria,Govey,cgoveyqe@skype.com,Non-binary,200.75.128.141
952,Ainslee,Sholl,ashollqf@shop-pro.jp,Genderfluid,18.100.150.106
953,Novelia,Pietruszewicz,npietruszewiczqg@businesswire.com,Non-binary,238.184.111.80
954,Jo,Ding,jdingqh@macromedia.com,Genderqueer,113.87.129.182
955,Robb,Bridgewood,rbridgewoodqi@mayoclinic.com,Genderfluid,200.174.253.52
956,Guillemette,Pietron,gpietronqj@liveinternet.ru,Polygender,242.123.122.150
957,Daune,Syddie,dsyddieqk@illinois.edu,Female,139.217.154.168
958,Silvain,Taynton,stayntonql@walmart.com,Agender,7.195.30.233
959,Borg,Leverage,bleverageqm@flickr.com,Bigender,32.191.55.86
960,Kenon,Betz,kbetzqn@businesswire.com,Non-binary,236.8.145.86
961,Daveta,Whawell,dwhawellqo@sciencedaily.com,Non-binary,176.34.225.74
962,Sheila-kathryn,Tunkin,stunkinqp@businessweek.com,Polygender,201.51.89.184
963,Deane,Kissock,dkissockqq@nifty.com,Female,250.65.236.238
964,Tarrance,Quartly,tquartlyqr@eepurl.com,Male,112.220.189.90
965,Whitaker,Reidshaw,wreidshawqs@etsy.com,Bigender,11.122.117.145
966,Sanford,Giffard,sgiffardqt@sourceforge.net,Genderfluid,163.205.108.153
967,Randi,Knocker,rknockerqu@1688.com,Male,144.53.124.120
968,Kylen,Puddefoot,kpuddefootqv@house.gov,Non-binary,204.83.114.121
969,Shepherd,Harrod,sharrodqw@hhs.gov,Genderfluid,29.182.249.246
970,Mavis,Clausius,mclausiusqx@arstechnica.com,Agender,46.120.124.33
971,Thorpe,Cassley,tcassleyqy@sogou.com,Polygender,122.140.84.92
972,Christophorus,Sharplin,csharplinqz@ihg.com,Genderqueer,236.163.4.35
973,Sharon,Valerius,svaleriusr0@gov.uk,Genderfluid,202.27.68.70
974,Patrizia,Mursell,pmursellr1@i2i.jp,Polygender,206.150.162.142
975,Marcelo,Longmire,mlongmirer2@craigslist.org,Non-binary,101.138.187.72
976,Nancie,Yarn,nyarnr3@pcworld.com,Male,247.114.168.168
977,Baxie,Daykin,bdaykinr4@cafepress.com,Male,244.236.231.66
978,Roderigo,Gricks,rgricksr5@e-recht24.de,Female,201.227.75.52
979,Georges,Petticrow,gpetticrowr6@ocn.ne.jp,Bigender,114.42.178.10
980,Coralyn,Doogood,cdoogoodr7@usatoday.com,Polygender,156.79.69.95
981,Selinda,Wapple,swappler8@bluehost.com,Non-binary,171.157.130.190
982,Vere,Rubartelli,vrubartellir9@google.co.uk,Non-binary,58.33.188.55
983,Alyce,Hubbard,ahubbardra@admin.ch,Agender,188.145.4.186
984,Ruddie,Goater,rgoaterrb@gizmodo.com,Male,120.95.149.24
985,Booth,Swayne,bswaynerc@dagondesign.com,Polygender,174.206.249.44
986,Barrie,Orrobin,borrobinrd@merriam-webster.com,Genderfluid,158.34.88.155
987,Urbanus,Crum,ucrumre@last.fm,Female,55.132.136.174
988,Josephina,Casserley,jcasserleyrf@rakuten.co.jp,Genderfluid,50.79.166.7
989,Bethena,Bumfrey,bbumfreyrg@hatena.ne.jp,Genderfluid,132.18.33.246
990,Simone,Skirving,sskirvingrh@mac.com,Bigender,53.170.233.42
991,Caritta,Menchenton,cmenchentonri@ibm.com,Polygender,15.179.140.133
992,Marita,Ebbings,mebbingsrj@vinaora.com,Polygender,147.32.252.250
993,Jennette,Tembridge,jtembridgerk@liveinternet.ru,Polygender,150.42.223.88
994,Benji,Elleray,bellerayrl@nyu.edu,Agender,254.178.108.118
995,Flore,Backman,fbackmanrm@devhub.com,Male,154.238.125.41
996,Konrad,Poltone,kpoltonern@nydailynews.com,Non-binary,29.57.47.38
997,Jobey,Breakey,jbreakeyro@usatoday.com,Bigender,237.198.10.190
998,Clarabelle,Prigmore,cprigmorerp@wufoo.com,Non-binary,24.245.74.81
999,Vittorio,Croisdall,vcroisdallrq@bbc.co.uk,Female,24.122.29.48
1000,Helge,Newham,hnewhamrr@newyorker.com,Female,10.87.253.227
